Datetime,Water Level (m)
2025-02-27 00:00:00,-0.2226031
2025-02-27 01:00:00,0.32363853
2025-02-27 02:00:00,0.6504022
2025-02-27 03:00:00,0.7049549
2025-02-27 04:00:00,0.47544998
2025-02-27 05:00:00,0.0046770526
2025-02-27 06:00:00,-0.62201357
2025-02-27 07:00:00,-1.2176629
2025-02-27 08:00:00,-1.6185025
2025-02-27 09:00:00,-1.6721371
2025-02-27 10:00:00,-1.3236773
2025-02-27 11:00:00,-0.718998
2025-02-27 12:00:00,-0.04243365
2025-02-27 13:00:00,0.5629962
2025-02-27 14:00:00,0.9974608
2025-02-27 15:00:00,1.1365623
2025-02-27 16:00:00,0.92694086
2025-02-27 17:00:00,0.4534195
2025-02-27 18:00:00,-0.22839133
2025-02-27 19:00:00,-0.9812146
2025-02-27 20:00:00,-1.5890224
2025-02-27 21:00:00,-1.8705388
2025-02-27 22:00:00,-1.7333448
2025-02-27 23:00:00,-1.2272043
2025-02-28 00:00:00,-0.5126366
2025-02-28 01:00:00,0.19130272
2025-02-28 02:00:00,0.7101628
2025-02-28 03:00:00,0.9440124
2025-02-28 04:00:00,0.8409225
2025-02-28 05:00:00,0.41743922
2025-02-28 06:00:00,-0.20090246
2025-02-28 07:00:00,-0.88620615
2025-02-28 08:00:00,-1.4638844
2025-02-28 09:00:00,-1.7917312
2025-02-28 10:00:00,-1.7127941
2025-02-28 11:00:00,-1.2214578
2025-02-28 12:00:00,-0.5211128
2025-02-28 13:00:00,0.21997526
2025-02-28 14:00:00,0.84800583
2025-02-28 15:00:00,1.2176565
2025-02-28 16:00:00,1.204861
2025-02-28 17:00:00,0.82474786
2025-02-28 18:00:00,0.17614463
2025-02-28 19:00:00,-0.6125988
2025-02-28 20:00:00,-1.3311743
2025-02-28 21:00:00,-1.8303599
2025-02-28 22:00:00,-1.9588946
2025-02-28 23:00:00,-1.6227077
2025-03-01 00:00:00,-0.9345798
2025-03-01 01:00:00,-0.15246668
2025-03-01 02:00:00,0.51684135
2025-03-01 03:00:00,0.96731037
2025-03-01 04:00:00,1.1051536
2025-03-01 05:00:00,0.8562072
2025-03-01 06:00:00,0.30982903
2025-03-01 07:00:00,-0.39576977
2025-03-01 08:00:00,-1.0822937
2025-03-01 09:00:00,-1.6152954
2025-03-01 10:00:00,-1.8305095
2025-03-01 11:00:00,-1.6034923
2025-03-01 12:00:00,-0.9925841
2025-03-01 13:00:00,-0.22234342
2025-03-01 14:00:00,0.5089414
2025-03-01 15:00:00,1.0600439
2025-03-01 16:00:00,1.2999905
2025-03-01 17:00:00,1.1274886
2025-03-01 18:00:00,0.5947113
2025-03-01 19:00:00,-0.158703
2025-03-01 20:00:00,-0.93136865
2025-03-01 21:00:00,-1.5630559
2025-03-01 22:00:00,-1.9379712
2025-03-01 23:00:00,-1.8815801
2025-03-02 00:00:00,-1.3840071
2025-03-02 01:00:00,-0.61300576
2025-03-02 02:00:00,0.15914914
2025-03-02 03:00:00,0.7686941
2025-03-02 04:00:00,1.1257999
2025-03-02 05:00:00,1.1208125
2025-03-02 06:00:00,0.7477792
2025-03-02 07:00:00,0.12319495
2025-03-02 08:00:00,-0.60004646
2025-03-02 09:00:00,-1.2332352
2025-03-02 10:00:00,-1.6604328
2025-03-02 11:00:00,-1.7471981
2025-03-02 12:00:00,-1.3994297
2025-03-02 13:00:00,-0.729336
2025-03-02 14:00:00,0.054133184
2025-03-02 15:00:00,0.7166831
2025-03-02 16:00:00,1.13657
2025-03-02 17:00:00,1.2061718
2025-03-02 18:00:00,0.87234753
2025-03-02 19:00:00,0.25854477
2025-03-02 20:00:00,-0.48395777
2025-03-02 21:00:00,-1.172181
2025-03-02 22:00:00,-1.6954544
2025-03-02 23:00:00,-1.9088196
2025-03-03 00:00:00,-1.6706462
2025-03-03 01:00:00,-1.0581273
2025-03-03 02:00:00,-0.29516083
2025-03-03 03:00:00,0.38730824
2025-03-03 04:00:00,0.8957867
2025-03-03 05:00:00,1.1336892
2025-03-03 06:00:00,1.012599
2025-03-03 07:00:00,0.5632624
2025-03-03 08:00:00,-0.07808221
2025-03-03 09:00:00,-0.73718613
2025-03-03 10:00:00,-1.2741176
2025-03-03 11:00:00,-1.5972736
2025-03-03 12:00:00,-1.55744
2025-03-03 13:00:00,-1.1283144
2025-03-03 14:00:00,-0.46140116
2025-03-03 15:00:00,0.22559159
2025-03-03 16:00:00,0.7408686
2025-03-03 17:00:00,1.0020943
2025-03-03 18:00:00,0.93210965
2025-03-03 19:00:00,0.5299789
2025-03-03 20:00:00,-0.07823518
2025-03-03 21:00:00,-0.74439543
2025-03-03 22:00:00,-1.3141313
2025-03-03 23:00:00,-1.6952673
2025-03-04 00:00:00,-1.7542814
2025-03-04 01:00:00,-1.3933469
2025-03-04 02:00:00,-0.77361256
2025-03-04 03:00:00,-0.09601593
2025-03-04 04:00:00,0.4848189
2025-03-04 05:00:00,0.8818357
2025-03-04 06:00:00,0.99991703
2025-03-04 07:00:00,0.78930944
2025-03-04 08:00:00,0.3368898
2025-03-04 09:00:00,-0.23410627
2025-03-04 10:00:00,-0.78001785
2025-03-04 11:00:00,-1.2160308
2025-03-04 12:00:00,-1.4251062
2025-03-04 13:00:00,-1.2928692
2025-03-04 14:00:00,-0.8405975
2025-03-04 15:00:00,-0.25388408
2025-03-04 16:00:00,0.269104
2025-03-04 17:00:00,0.6258155
2025-03-04 18:00:00,0.75660324
2025-03-04 19:00:00,0.59643275
2025-03-04 20:00:00,0.19397233
2025-03-04 21:00:00,-0.33237165
2025-03-04 22:00:00,-0.8584868
2025-03-04 23:00:00,-1.2869828
2025-03-05 00:00:00,-1.5307046
